id;name;title;base_http_url;go_go_version;go_go_os;go_go_arch;go_build_date;go_repo_sha;description;created;last_modified;creator;last_modifier;uuid
1;Synergized and;Baht Tasty;Loan;New Fantastic;Investor Monitored;Awesome wireless Central;Car Fresh Kids;PNG;tertiary Administrator Martinique;2021-10-24T16:19:49;2021-10-25T08:21:13;interactive withdrawal;Locks;hacking
2;copy Seamless;communities;exuding Soft projection;neutral;Australian Interface feed;Incredible Home;Human Ergonomic motivating;Internal Small Shirt;digital Pre-emptive Berkshire;2021-10-24T13:34:14;2021-10-25T05:00:44;static;compressing secured;Team-oriented Infrastructure Nuevo
3;payment neural;incremental Division niches;Cotton;invoice GB Personal;generate Assimilated;Fish;PCI Intranet;ADP online PCI;Escudo Wooden Grocery;2021-10-24T19:55:51;2021-10-24T18:47:11;withdrawal Table Movies;Idaho distributed;compress seamless
4;Cheese haptic Buckinghamshire;Kazakhstan;program Home;teal scale;Sleek Creek;payment back;Ball Borders;indexing Dollar Belarus;Pine Avon;2021-10-24T20:30:00;2021-10-24T17:17:58;Account;SCSI;array back Oklahoma
5;Practical Ohio Auto;Bedfordshire Functionality solid;quantifying Sports overriding;invoice Executive Directives;Hawaii Tuna;back-end;Svalbard;Representative;Gorgeous;2021-10-25T10:16:03;2021-10-24T18:59:36;open-source National deposit;Course;Israel
6;Handcrafted Gorgeous;Technician programming TCP;Manager Avon;Tools Chair;XML;compressing Wooden Supervisor;Granite;Account Representative Response;User-friendly Avon global;2021-10-25T10:07:51;2021-10-25T05:24:00;Practical calculate firewall;Cheese Qatar;e-business white
7;open-source quantify;Fresh maximized Sports;Chair;Cotton deposit well-modulated;Optimization Functionality;Ball revolutionary;alliance multi-byte Computers;Samoa Vatu;infrastructures hour compelling;2021-10-25T01:53:40;2021-10-25T04:50:13;Home;Berkshire users;blockchains Accounts Division
8;tan;microchip;Investment Hawaii Profit-focused;exuding Corporate Personal;Towels;payment;transition Investment Decentralized;Coves;Baby;2021-10-25T01:05:25;2021-10-24T20:19:34;benchmark bus silver;Chicken Australia Computers;whiteboard Corporate
9;Future withdrawal wireless;Cuba vertical Savings;Account interfaces;turquoise Investor deposit;Metal Wells Dynamic;Fully-configurable Dong;Stravenue ubiquitous circuit;Somoni Shoes;Concrete withdrawal Sleek;2021-10-25T09:21:10;2021-10-25T03:09:23;synthesize Steel;payment Ergonomic;payment
10;Configurable Awesome override;Handmade Montana Plastic;matrix;SSL;orchid;Wooden;Hollow;Arizona Account El;Mayotte Towels initiative;2021-10-24T20:42:56;2021-10-24T19:09:52;optimizing Optimized COM;Small;Small Quality-focused
