id;name;pipeline_id;title;uuid;valid;metadata;ctl_version;ctl_id;job_text;status;description;created;last_modified;creator;last_modifier
1;Clothing;Bedfordshire;relationships bypass Universal;Orchestrator;false;Practical generate quantifying;Technician;Frozen Chair Cambridgeshire;card;Ruble Denmark;withdrawal synthesize Cambridgeshire;2021-10-25T10:59:32;2021-10-24T22:31:03;Indonesia;salmon Awesome
2;Account Corporate;of deposit;navigating;orange transmitting 1080p;false;payment lime Programmable;Granite Ergonomic;Human users;feed Regional;Paradigm Idaho compress;open-source Washington;2021-10-24T22:24:47;2021-10-24T17:08:01;Iowa Adaptive;multi-byte Handcrafted Uzbekistan
3;payment Zimbabwe;Guernsey;Re-engineered systems leverage;capacitor primary;true;Response Officer Rubber;24/7 web-readiness Mobility;Account;Wall;portal;Tools;2021-10-25T08:49:53;2021-10-24T17:23:10;Louisiana Moroccan Tuna;Strategist
4;bypass Alabama Anguilla;Samoa Dollar;RSS;methodology Clothing Awesome;true;Riel;indigo Cotton PCI;Licensed;killer;Soap;motivating Delaware transmit;2021-10-25T02:51:08;2021-10-24T17:08:00;Cross-group local Bedfordshire;blue Borders
5;monetize dynamic;navigating Avon;lime;parsing violet Human;true;Integration;partnerships Rubber Unbranded;Kroon Tugrik content;architect Computers;bypassing Hryvnia deposit;generating Fantastic copy;2021-10-24T20:30:50;2021-10-25T04:47:01;Interactions;1080p Plastic mesh
6;boliviano Lane transmit;Riel;Handcrafted;Investor Fish;true;Hat channels;Frozen deliver Secured;Analyst;paradigm;Digitized experiences;bypassing Avon;2021-10-24T17:04:58;2021-10-24T21:03:19;feed override Dynamic;full-range Books Czech
7;disintermediate;Architect Chips Division;Toys;copying;true;mission-critical stable;Loan Uruguayo;circuit;Concrete;Representative Communications Sum;reboot card;2021-10-24T15:16:51;2021-10-24T23:46:39;Response;state Arab transform
8;Grocery Nuevo Account;bus Shirt;Advanced;web-readiness;true;Account morph Incredible;withdrawal seamless Azerbaijan;reboot;programming;incubate;Customer superstructure;2021-10-25T10:58:21;2021-10-24T19:51:22;Division;Rupee standardization
9;navigating;Table input Orchestrator;Concrete;interfaces;false;Checking Table;Sleek;calculate Programmable Specialist;Ergonomic plum;port Rubber;De-engineered Programmable Texas;2021-10-24T17:59:03;2021-10-24T18:57:09;Centers;transform revolutionary bypass
10;collaborative flexibility;drive;Territory;cyan;true;compress Bedfordshire SDD;Fantastic;Saint;Graphic Berkshire;Designer leverage;Car;2021-10-25T00:55:30;2021-10-25T08:38:20;Programmable Sharable;monitoring Place data-warehouse
